id_venta,id_producto,nombre_producto_x,cantidad,precio_unitario_x,importe,nombre_producto_y,categoria,precio_unitario_y,fecha,id_cliente,nombre_cliente_x,email_x,medio_pago,nombre_cliente_y,email_y,ciudad,fecha_alta
1,90,Toallas Húmedas x50,1,"2,902","2,902",Toallas Húmedas x50,Limpieza,2902,2024-06-19,62,Guadalupe Romero,guadalupe.romero@mail.com,tarjeta,Guadalupe Romero,guadalupe.romero@mail.com,Carlos Paz,2023-03-03
2,82,Aceitunas Negras 200g,5,"2,394","11,970",Aceitunas Negras 200g,Limpieza,2394,2024-03-17,49,Olivia Gomez,olivia.gomez@mail.com,qr,Olivia Gomez,olivia.gomez@mail.com,Rio Cuarto,2023-02-18
2,39,Helado Vainilla 1L,5,469,"2,345",Helado Vainilla 1L,Alimentos,469,2024-03-17,49,Olivia Gomez,olivia.gomez@mail.com,qr,Olivia Gomez,olivia.gomez@mail.com,Rio Cuarto,2023-02-18
2,70,Fernet 750ml,2,"4,061","8,122",Fernet 750ml,Limpieza,4061,2024-03-17,49,Olivia Gomez,olivia.gomez@mail.com,qr,Olivia Gomez,olivia.gomez@mail.com,Rio Cuarto,2023-02-18
2,22,Medialunas de Manteca,1,"2,069","2,069",Medialunas de Manteca,Limpieza,2069,2024-03-17,49,Olivia Gomez,olivia.gomez@mail.com,qr,Olivia Gomez,olivia.gomez@mail.com,Rio Cuarto,2023-02-18
2,79,Hamburguesas Congeladas x4,4,"2,420","9,680",Hamburguesas Congeladas x4,Alimentos,2420,2024-03-17,49,Olivia Gomez,olivia.gomez@mail.com,qr,Olivia Gomez,olivia.gomez@mail.com,Rio Cuarto,2023-02-18
3,9,Yerba Mate Suave 1kg,2,"3,878","7,756",Yerba Mate Suave 1kg,Alimentos,3878,2024-01-13,20,Tomas Acosta,tomas.acosta@mail.com,tarjeta,Tomas Acosta,tomas.acosta@mail.com,Rio Cuarto,2023-01-20
3,2,Pepsi 1.5L,2,"4,973","9,946",Pepsi 1.5L,Limpieza,4973,2024-01-13,20,Tomas Acosta,tomas.acosta@mail.com,tarjeta,Tomas Acosta,tomas.acosta@mail.com,Rio Cuarto,2023-01-20
3,85,Jugo en Polvo Naranja,1,"1,856","1,856",Jugo en Polvo Naranja,Alimentos,1856,2024-01-13,20,Tomas Acosta,tomas.acosta@mail.com,tarjeta,Tomas Acosta,tomas.acosta@mail.com,Rio Cuarto,2023-01-20
4,4,Fanta Naranja 1.5L,2,"2,033","4,066",Fanta Naranja 1.5L,Limpieza,2033,2024-02-27,36,Martina Molina,martina.molina@mail.com,transferencia,Martina Molina,martina.molina@mail.com,Mendiolaza,2023-02-05
4,23,Bizcochos Salados,5,"2,380","11,900",Bizcochos Salados,Alimentos,2380,2024-02-27,36,Martina Molina,martina.molina@mail.com,transferencia,Martina Molina,martina.molina@mail.com,Mendiolaza,2023-02-05
5,86,Jugo en Polvo Limón,4,"4,090","16,360",Jugo en Polvo Limón,Limpieza,4090,2024-06-11,56,Bruno Diaz,bruno.diaz@mail.com,tarjeta,Bruno Diaz,bruno.diaz@mail.com,Rio Cuarto,2023-02-25
6,25,Galletitas Vainilla,2,"4,015","8,030",Galletitas Vainilla,Alimentos,4015,2024-05-05,91,Uma Sanchez,uma.sanchez@mail.com,transferencia,Uma Sanchez,uma.sanchez@mail.com,Mendiolaza,2023-04-01
6,31,Mix de Frutos Secos 200g,3,"3,409","10,227",Mix de Frutos Secos 200g,Alimentos,3409,2024-05-05,91,Uma Sanchez,uma.sanchez@mail.com,transferencia,Uma Sanchez,uma.sanchez@mail.com,Mendiolaza,2023-04-01
6,83,Queso Untable 190g,1,"1,830","1,830",Queso Untable 190g,Alimentos,1830,2024-05-05,91,Uma Sanchez,uma.sanchez@mail.com,transferencia,Uma Sanchez,uma.sanchez@mail.com,Mendiolaza,2023-04-01
6,59,Chicle Menta,4,"3,612","14,448",Chicle Menta,Alimentos,3612,2024-05-05,91,Uma Sanchez,uma.sanchez@mail.com,transferencia,Uma Sanchez,uma.sanchez@mail.com,Mendiolaza,2023-04-01
7,63,Granola 250g,3,"4,337","13,011",Granola 250g,Alimentos,4337,2024-05-06,92,Mariana Rodriguez,mariana.rodriguez@mail.com,efectivo,Mariana Rodriguez,mariana.rodriguez@mail.com,Alta Gracia,2023-04-02
8,53,Lavandina 1L,5,"1,664","8,320",Lavandina 1L,Alimentos,1664,2024-01-06,66,Tomas Herrera,tomas.herrera@mail.com,transferencia,Tomas Herrera,tomas.herrera@mail.com,Villa Maria,2023-03-07
8,18,Queso Rallado 150g,4,"3,444","13,776",Queso Rallado 150g,Limpieza,3444,2024-01-06,66,Tomas Herrera,tomas.herrera@mail.com,transferencia,Tomas Herrera,tomas.herrera@mail.com,Villa Maria,2023-03-07
8,68,Vino Blanco 750ml,5,"2,684","13,420",Vino Blanco 750ml,Limpieza,2684,2024-01-06,66,Tomas Herrera,tomas.herrera@mail.com,transferencia,Tomas Herrera,tomas.herrera@mail.com,Villa Maria,2023-03-07
9,65,Cerveza Rubia 1L,4,"2,423","9,692",Cerveza Rubia 1L,Alimentos,2423,2024-01-20,86,Diego Torres,diego.torres@mail.com,efectivo,Diego Torres,diego.torres@mail.com,Cordoba,2023-03-27
10,36,Dulce de Leche 400g,2,"2,559","5,118",Dulce de Leche 400g,Limpieza,2559,2024-05-28,52,Diego Diaz,diego.diaz@mail.com,qr,Diego Diaz,diego.diaz@mail.com,Rio Cuarto,2023-02-21
10,100,Trapo de Piso,4,"4,854","19,416",Trapo de Piso,Limpieza,4854,2024-05-28,52,Diego Diaz,diego.diaz@mail.com,qr,Diego Diaz,diego.diaz@mail.com,Rio Cuarto,2023-02-21
10,37,Mermelada de Durazno 400g,3,"3,196","9,588",Mermelada de Durazno 400g,Alimentos,3196,2024-05-28,52,Diego Diaz,diego.diaz@mail.com,qr,Diego Diaz,diego.diaz@mail.com,Rio Cuarto,2023-02-21
10,62,Stevia 100 sobres,1,"3,848","3,848",Stevia 100 sobres,Limpieza,3848,2024-05-28,52,Diego Diaz,diego.diaz@mail.com,qr,Diego Diaz,diego.diaz@mail.com,Rio Cuarto,2023-02-21
11,13,Té Verde 20 saquitos,1,"2,383","2,383",Té Verde 20 saquitos,Alimentos,2383,2024-04-10,20,Tomas Acosta,tomas.acosta@mail.com,qr,Tomas Acosta,tomas.acosta@mail.com,Rio Cuarto,2023-01-20
11,65,Cerveza Rubia 1L,2,"2,423","4,846",Cerveza Rubia 1L,Alimentos,2423,2024-04-10,20,Tomas Acosta,tomas.acosta@mail.com,qr,Tomas Acosta,tomas.acosta@mail.com,Rio Cuarto,2023-01-20
11,28,Papas Fritas Clásicas 100g,1,936,936,Papas Fritas Clásicas 100g,Limpieza,936,2024-04-10,20,Tomas Acosta,tomas.acosta@mail.com,qr,Tomas Acosta,tomas.acosta@mail.com,Rio Cuarto,2023-01-20
12,72,Ron 700ml,2,"3,876","7,752",Ron 700ml,Limpieza,3876,2024-06-28,96,Rocio Gonzalez,rocio.gonzalez@mail.com,efectivo,Rocio Gonzalez,rocio.gonzalez@mail.com,Cordoba,2023-04-06
12,50,Azúcar 1kg,2,727,"1,454",Azúcar 1kg,Limpieza,727,2024-06-28,96,Rocio Gonzalez,rocio.gonzalez@mail.com,efectivo,Rocio Gonzalez,rocio.gonzalez@mail.com,Cordoba,2023-04-06
12,56,Papel Higiénico x4,3,"2,532","7,596",Papel Higiénico x4,Limpieza,2532,2024-06-28,96,Rocio Gonzalez,rocio.gonzalez@mail.com,efectivo,Rocio Gonzalez,rocio.gonzalez@mail.com,Cordoba,2023-04-06
12,87,Sopa Instantánea Pollo,3,"1,679","5,037",Sopa Instantánea Pollo,Alimentos,1679,2024-06-28,96,Rocio Gonzalez,rocio.gonzalez@mail.com,efectivo,Rocio Gonzalez,rocio.gonzalez@mail.com,Cordoba,2023-04-06
12,38,Mermelada de Frutilla 400g,4,"1,584","6,336",Mermelada de Frutilla 400g,Limpieza,1584,2024-06-28,96,Rocio Gonzalez,rocio.gonzalez@mail.com,efectivo,Rocio Gonzalez,rocio.gonzalez@mail.com,Cordoba,2023-04-06
13,87,Sopa Instantánea Pollo,1,"1,679","1,679",Sopa Instantánea Pollo,Alimentos,1679,2024-01-24,6,Uma Medina,uma.medina@mail.com,tarjeta,Uma Medina,uma.medina@mail.com,Villa Maria,2023-01-06
13,81,Aceitunas Verdes 200g,3,"2,520","7,560",Aceitunas Verdes 200g,Alimentos,2520,2024-01-24,6,Uma Medina,uma.medina@mail.com,tarjeta,Uma Medina,uma.medina@mail.com,Villa Maria,2023-01-06
13,13,Té Verde 20 saquitos,1,"2,383","2,383",Té Verde 20 saquitos,Alimentos,2383,2024-01-24,6,Uma Medina,uma.medina@mail.com,tarjeta,Uma Medina,uma.medina@mail.com,Villa Maria,2023-01-06
14,36,Dulce de Leche 400g,4,"2,559","10,236",Dulce de Leche 400g,Limpieza,2559,2024-04-18,67,Ivana Romero,ivana.romero@mail.com,qr,Ivana Romero,ivana.romero@mail.com,Alta Gracia,2023-03-08
14,72,Ron 700ml,5,"3,876","19,380",Ron 700ml,Limpieza,3876,2024-04-18,67,Ivana Romero,ivana.romero@mail.com,qr,Ivana Romero,ivana.romero@mail.com,Alta Gracia,2023-03-08
14,38,Mermelada de Frutilla 400g,3,"1,584","4,752",Mermelada de Frutilla 400g,Limpieza,1584,2024-04-18,67,Ivana Romero,ivana.romero@mail.com,qr,Ivana Romero,ivana.romero@mail.com,Alta Gracia,2023-03-08
14,97,Limpiavidrios 500ml,1,872,872,Limpiavidrios 500ml,Alimentos,872,2024-04-18,67,Ivana Romero,ivana.romero@mail.com,qr,Ivana Romero,ivana.romero@mail.com,Alta Gracia,2023-03-08
15,37,Mermelada de Durazno 400g,3,"3,196","9,588",Mermelada de Durazno 400g,Alimentos,3196,2024-06-27,56,Bruno Diaz,bruno.diaz@mail.com,transferencia,Bruno Diaz,bruno.diaz@mail.com,Rio Cuarto,2023-02-25
16,35,Barrita de Cereal 30g,5,"4,430","22,150",Barrita de Cereal 30g,Alimentos,4430,2024-04-12,2,Nicolas Rojas,nicolas.rojas@mail.com,efectivo,Nicolas Rojas,nicolas.rojas@mail.com,Carlos Paz,2023-01-02
17,81,Aceitunas Verdes 200g,5,"2,520","12,600",Aceitunas Verdes 200g,Alimentos,2520,2024-02-17,88,Felipe Castro,felipe.castro@mail.com,efectivo,Felipe Castro,felipe.castro@mail.com,Villa Maria,2023-03-29
17,46,Lentejas Secas 500g,5,"3,036","15,180",Lentejas Secas 500g,Limpieza,3036,2024-02-17,88,Felipe Castro,felipe.castro@mail.com,efectivo,Felipe Castro,felipe.castro@mail.com,Villa Maria,2023-03-29
17,74,Whisky 750ml,3,"2,953","8,859",Whisky 750ml,Limpieza,2953,2024-02-17,88,Felipe Castro,felipe.castro@mail.com,efectivo,Felipe Castro,felipe.castro@mail.com,Villa Maria,2023-03-29
18,33,Chocolate con Leche 100g,2,"1,255","2,510",Chocolate con Leche 100g,Alimentos,1255,2024-06-11,81,Camila Ruiz,camila.ruiz@mail.com,qr,Camila Ruiz,camila.ruiz@mail.com,Carlos Paz,2023-03-22
18,4,Fanta Naranja 1.5L,5,"2,033","10,165",Fanta Naranja 1.5L,Limpieza,2033,2024-06-11,81,Camila Ruiz,camila.ruiz@mail.com,qr,Camila Ruiz,camila.ruiz@mail.com,Carlos Paz,2023-03-22
18,24,Galletitas Chocolate,2,"1,305","2,610",Galletitas Chocolate,Limpieza,1305,2024-06-11,81,Camila Ruiz,camila.ruiz@mail.com,qr,Camila Ruiz,camila.ruiz@mail.com,Carlos Paz,2023-03-22
18,15,Leche Descremada 1L,3,"2,538","7,614",Leche Descremada 1L,Alimentos,2538,2024-06-11,81,Camila Ruiz,camila.ruiz@mail.com,qr,Camila Ruiz,camila.ruiz@mail.com,Carlos Paz,2023-03-22
18,22,Medialunas de Manteca,5,"2,069","10,345",Medialunas de Manteca,Limpieza,2069,2024-06-11,81,Camila Ruiz,camila.ruiz@mail.com,qr,Camila Ruiz,camila.ruiz@mail.com,Carlos Paz,2023-03-22
19,38,Mermelada de Frutilla 400g,2,"1,584","3,168",Mermelada de Frutilla 400g,Limpieza,1584,2024-06-11,80,Gael Ruiz,gael.ruiz@mail.com,efectivo,Gael Ruiz,gael.ruiz@mail.com,Mendiolaza,2023-03-21
19,98,Desengrasante 500ml,3,"2,843","8,529",Desengrasante 500ml,Limpieza,2843,2024-06-11,80,Gael Ruiz,gael.ruiz@mail.com,efectivo,Gael Ruiz,gael.ruiz@mail.com,Mendiolaza,2023-03-21
19,63,Granola 250g,3,"4,337","13,011",Granola 250g,Alimentos,4337,2024-06-11,80,Gael Ruiz,gael.ruiz@mail.com,efectivo,Gael Ruiz,gael.ruiz@mail.com,Mendiolaza,2023-03-21
20,32,Chocolate Amargo 100g,3,"2,234","6,702",Chocolate Amargo 100g,Limpieza,2234,2024-01-13,75,Santiago Castro,santiago.castro@mail.com,tarjeta,Santiago Castro,santiago.castro@mail.com,Rio Cuarto,2023-03-16
21,76,Pizza Congelada Muzzarella,5,"4,286","21,430",Pizza Congelada Muzzarella,Limpieza,4286,2024-06-19,10,Karina Acosta,karina.acosta@mail.com,transferencia,Karina Acosta,karina.acosta@mail.com,Cordoba,2023-01-10
21,35,Barrita de Cereal 30g,1,"4,430","4,430",Barrita de Cereal 30g,Alimentos,4430,2024-06-19,10,Karina Acosta,karina.acosta@mail.com,transferencia,Karina Acosta,karina.acosta@mail.com,Cordoba,2023-01-10
22,9,Yerba Mate Suave 1kg,2,"3,878","7,756",Yerba Mate Suave 1kg,Alimentos,3878,2024-05-08,64,Julian Alvarez,julian.alvarez@mail.com,transferencia,Julian Alvarez,julian.alvarez@mail.com,Villa Maria,2023-03-05
22,28,Papas Fritas Clásicas 100g,3,936,"2,808",Papas Fritas Clásicas 100g,Limpieza,936,2024-05-08,64,Julian Alvarez,julian.alvarez@mail.com,transferencia,Julian Alvarez,julian.alvarez@mail.com,Villa Maria,2023-03-05
22,24,Galletitas Chocolate,4,"1,305","5,220",Galletitas Chocolate,Limpieza,1305,2024-05-08,64,Julian Alvarez,julian.alvarez@mail.com,transferencia,Julian Alvarez,julian.alvarez@mail.com,Villa Maria,2023-03-05
23,64,Avena Instantánea 250g,4,"3,953","15,812",Avena Instantánea 250g,Limpieza,3953,2024-05-16,78,Emilia Alvarez,emilia.alvarez@mail.com,transferencia,Emilia Alvarez,emilia.alvarez@mail.com,Villa Maria,2023-03-19
23,83,Queso Untable 190g,4,"1,830","7,320",Queso Untable 190g,Alimentos,1830,2024-05-16,78,Emilia Alvarez,emilia.alvarez@mail.com,transferencia,Emilia Alvarez,emilia.alvarez@mail.com,Villa Maria,2023-03-19
24,91,Desodorante Aerosol,2,"4,690","9,380",Desodorante Aerosol,Alimentos,4690,2024-06-14,55,Olivia Ruiz,olivia.ruiz@mail.com,tarjeta,Olivia Ruiz,olivia.ruiz@mail.com,Mendiolaza,2023-02-24
24,40,Helado Chocolate 1L,5,"1,215","6,075",Helado Chocolate 1L,Limpieza,1215,2024-06-14,55,Olivia Ruiz,olivia.ruiz@mail.com,tarjeta,Olivia Ruiz,olivia.ruiz@mail.com,Mendiolaza,2023-02-24
25,55,Shampoo 400ml,1,"1,407","1,407",Shampoo 400ml,Alimentos,1407,2024-04-30,13,Ivana Sanchez,ivana.sanchez@mail.com,transferencia,Ivana Sanchez,ivana.sanchez@mail.com,Carlos Paz,2023-01-13
25,95,Mascarilla Capilar,5,"1,581","7,905",Mascarilla Capilar,Alimentos,1581,2024-04-30,13,Ivana Sanchez,ivana.sanchez@mail.com,transferencia,Ivana Sanchez,ivana.sanchez@mail.com,Carlos Paz,2023-01-13
25,72,Ron 700ml,1,"3,876","3,876",Ron 700ml,Limpieza,3876,2024-04-30,13,Ivana Sanchez,ivana.sanchez@mail.com,transferencia,Ivana Sanchez,ivana.sanchez@mail.com,Carlos Paz,2023-01-13
26,79,Hamburguesas Congeladas x4,2,"2,420","4,840",Hamburguesas Congeladas x4,Alimentos,2420,2024-01-23,49,Olivia Gomez,olivia.gomez@mail.com,efectivo,Olivia Gomez,olivia.gomez@mail.com,Rio Cuarto,2023-02-18
26,86,Jugo en Polvo Limón,1,"4,090","4,090",Jugo en Polvo Limón,Limpieza,4090,2024-01-23,49,Olivia Gomez,olivia.gomez@mail.com,efectivo,Olivia Gomez,olivia.gomez@mail.com,Rio Cuarto,2023-02-18
27,7,Jugo de Manzana 1L,4,"3,269","13,076",Jugo de Manzana 1L,Alimentos,3269,2024-02-25,9,Yamila Molina,yamila.molina@mail.com,transferencia,Yamila Molina,yamila.molina@mail.com,Carlos Paz,2023-01-09
27,78,Verduras Congeladas Mix,4,"4,289","17,156",Verduras Congeladas Mix,Limpieza,4289,2024-02-25,9,Yamila Molina,yamila.molina@mail.com,transferencia,Yamila Molina,yamila.molina@mail.com,Carlos Paz,2023-01-09
28,74,Whisky 750ml,1,"2,953","2,953",Whisky 750ml,Limpieza,2953,2024-05-20,52,Diego Diaz,diego.diaz@mail.com,qr,Diego Diaz,diego.diaz@mail.com,Rio Cuarto,2023-02-21
28,91,Desodorante Aerosol,2,"4,690","9,380",Desodorante Aerosol,Alimentos,4690,2024-05-20,52,Diego Diaz,diego.diaz@mail.com,qr,Diego Diaz,diego.diaz@mail.com,Rio Cuarto,2023-02-21
28,72,Ron 700ml,1,"3,876","3,876",Ron 700ml,Limpieza,3876,2024-05-20,52,Diego Diaz,diego.diaz@mail.com,qr,Diego Diaz,diego.diaz@mail.com,Rio Cuarto,2023-02-21
28,18,Queso Rallado 150g,2,"3,444","6,888",Queso Rallado 150g,Limpieza,3444,2024-05-20,52,Diego Diaz,diego.diaz@mail.com,qr,Diego Diaz,diego.diaz@mail.com,Rio Cuarto,2023-02-21
28,27,Alfajor Simple,5,"2,502","12,510",Alfajor Simple,Alimentos,2502,2024-05-20,52,Diego Diaz,diego.diaz@mail.com,qr,Diego Diaz,diego.diaz@mail.com,Rio Cuarto,2023-02-21
29,58,Caramelos Masticables,1,"4,752","4,752",Caramelos Masticables,Limpieza,4752,2024-02-20,49,Olivia Gomez,olivia.gomez@mail.com,qr,Olivia Gomez,olivia.gomez@mail.com,Rio Cuarto,2023-02-18
29,36,Dulce de Leche 400g,2,"2,559","5,118",Dulce de Leche 400g,Limpieza,2559,2024-02-20,49,Olivia Gomez,olivia.gomez@mail.com,qr,Olivia Gomez,olivia.gomez@mail.com,Rio Cuarto,2023-02-18
29,71,Vodka 700ml,4,508,"2,032",Vodka 700ml,Alimentos,508,2024-02-20,49,Olivia Gomez,olivia.gomez@mail.com,qr,Olivia Gomez,olivia.gomez@mail.com,Rio Cuarto,2023-02-18
29,27,Alfajor Simple,2,"2,502","5,004",Alfajor Simple,Alimentos,2502,2024-02-20,49,Olivia Gomez,olivia.gomez@mail.com,qr,Olivia Gomez,olivia.gomez@mail.com,Rio Cuarto,2023-02-18
29,66,Cerveza Negra 1L,1,"1,533","1,533",Cerveza Negra 1L,Limpieza,1533,2024-02-20,49,Olivia Gomez,olivia.gomez@mail.com,qr,Olivia Gomez,olivia.gomez@mail.com,Rio Cuarto,2023-02-18
30,49,Harina de Trigo 1kg,4,"2,512","10,048",Harina de Trigo 1kg,Alimentos,2512,2024-03-03,93,Gael Rojas,gael.rojas@mail.com,efectivo,Gael Rojas,gael.rojas@mail.com,Alta Gracia,2023-04-03
30,78,Verduras Congeladas Mix,3,"4,289","12,867",Verduras Congeladas Mix,Limpieza,4289,2024-03-03,93,Gael Rojas,gael.rojas@mail.com,efectivo,Gael Rojas,gael.rojas@mail.com,Alta Gracia,2023-04-03
30,82,Aceitunas Negras 200g,4,"2,394","9,576",Aceitunas Negras 200g,Limpieza,2394,2024-03-03,93,Gael Rojas,gael.rojas@mail.com,efectivo,Gael Rojas,gael.rojas@mail.com,Alta Gracia,2023-04-03
30,7,Jugo de Manzana 1L,1,"3,269","3,269",Jugo de Manzana 1L,Alimentos,3269,2024-03-03,93,Gael Rojas,gael.rojas@mail.com,efectivo,Gael Rojas,gael.rojas@mail.com,Alta Gracia,2023-04-03
31,92,Crema Dental 90g,4,"2,512","10,048",Crema Dental 90g,Limpieza,2512,2024-05-22,19,Uma Silva,uma.silva@mail.com,tarjeta,Uma Silva,uma.silva@mail.com,Mendiolaza,2023-01-19
31,90,Toallas Húmedas x50,3,"2,902","8,706",Toallas Húmedas x50,Limpieza,2902,2024-05-22,19,Uma Silva,uma.silva@mail.com,tarjeta,Uma Silva,uma.silva@mail.com,Mendiolaza,2023-01-19
31,84,Queso Azul 150g,5,"1,645","8,225",Queso Azul 150g,Limpieza,1645,2024-05-22,19,Uma Silva,uma.silva@mail.com,tarjeta,Uma Silva,uma.silva@mail.com,Mendiolaza,2023-01-19
32,72,Ron 700ml,5,"3,876","19,380",Ron 700ml,Limpieza,3876,2024-01-30,31,Felipe Ruiz,felipe.ruiz@mail.com,efectivo,Felipe Ruiz,felipe.ruiz@mail.com,Villa Maria,2023-01-31
32,53,Lavandina 1L,4,"1,664","6,656",Lavandina 1L,Alimentos,1664,2024-01-30,31,Felipe Ruiz,felipe.ruiz@mail.com,efectivo,Felipe Ruiz,felipe.ruiz@mail.com,Villa Maria,2023-01-31
32,17,Queso Cremoso 500g,3,"4,834","14,502",Queso Cremoso 500g,Alimentos,4834,2024-01-30,31,Felipe Ruiz,felipe.ruiz@mail.com,efectivo,Felipe Ruiz,felipe.ruiz@mail.com,Villa Maria,2023-01-31
32,35,Barrita de Cereal 30g,3,"4,430","13,290",Barrita de Cereal 30g,Alimentos,4430,2024-01-30,31,Felipe Ruiz,felipe.ruiz@mail.com,efectivo,Felipe Ruiz,felipe.ruiz@mail.com,Villa Maria,2023-01-31
33,47,Garbanzos 500g,2,"2,939","5,878",Garbanzos 500g,Alimentos,2939,2024-02-13,6,Uma Medina,uma.medina@mail.com,efectivo,Uma Medina,uma.medina@mail.com,Villa Maria,2023-01-06
33,76,Pizza Congelada Muzzarella,4,"4,286","17,144",Pizza Congelada Muzzarella,Limpieza,4286,2024-02-13,6,Uma Medina,uma.medina@mail.com,efectivo,Uma Medina,uma.medina@mail.com,Villa Maria,2023-01-06
33,100,Trapo de Piso,1,"4,854","4,854",Trapo de Piso,Limpieza,4854,2024-02-13,6,Uma Medina,uma.medina@mail.com,efectivo,Uma Medina,uma.medina@mail.com,Villa Maria,2023-01-06
33,91,Desodorante Aerosol,2,"4,690","9,380",Desodorante Aerosol,Alimentos,4690,2024-02-13,6,Uma Medina,uma.medina@mail.com,efectivo,Uma Medina,uma.medina@mail.com,Villa Maria,2023-01-06
34,10,Yerba Mate Intensa 1kg,1,"4,883","4,883",Yerba Mate Intensa 1kg,Limpieza,4883,2024-01-13,58,Karina Acosta,karina.acosta2@mail.com,transferencia,Karina Acosta,karina.acosta2@mail.com,Rio Cuarto,2023-02-27
34,32,Chocolate Amargo 100g,5,"2,234","11,170",Chocolate Amargo 100g,Limpieza,2234,2024-01-13,58,Karina Acosta,karina.acosta2@mail.com,transferencia,Karina Acosta,karina.acosta2@mail.com,Rio Cuarto,2023-02-27
35,93,Cepillo de Dientes,3,"2,142","6,426",Cepillo de Dientes,Alimentos,2142,2024-05-30,61,Guadalupe Martinez,guadalupe.martinez@mail.com,efectivo,Guadalupe Martinez,guadalupe.martinez@mail.com,Rio Cuarto,2023-03-02
35,80,Helado de Frutilla 1L,2,"1,981","3,962",Helado de Frutilla 1L,Limpieza,1981,2024-05-30,61,Guadalupe Martinez,guadalupe.martinez@mail.com,efectivo,Guadalupe Martinez,guadalupe.martinez@mail.com,Rio Cuarto,2023-03-02
35,88,Caldo Concentrado Carne,5,"2,570","12,850",Caldo Concentrado Carne,Limpieza,2570,2024-05-30,61,Guadalupe Martinez,guadalupe.martinez@mail.com,efectivo,Guadalupe Martinez,guadalupe.martinez@mail.com,Rio Cuarto,2023-03-02
36,50,Azúcar 1kg,4,727,"2,908",Azúcar 1kg,Limpieza,727,2024-06-25,5,Agustina Flores,agustina.flores@mail.com,tarjeta,Agustina Flores,agustina.flores@mail.com,Cordoba,2023-01-05
36,48,Porotos Negros 500g,2,"4,462","8,924",Porotos Negros 500g,Limpieza,4462,2024-06-25,5,Agustina Flores,agustina.flores@mail.com,tarjeta,Agustina Flores,agustina.flores@mail.com,Cordoba,2023-01-05
37,18,Queso Rallado 150g,3,"3,444","10,332",Queso Rallado 150g,Limpieza,3444,2024-05-17,57,Julian Acosta,julian.acosta@mail.com,qr,Julian Acosta,julian.acosta@mail.com,Rio Cuarto,2023-02-26
38,62,Stevia 100 sobres,5,"3,848","19,240",Stevia 100 sobres,Limpieza,3848,2024-05-29,56,Bruno Diaz,bruno.diaz@mail.com,tarjeta,Bruno Diaz,bruno.diaz@mail.com,Rio Cuarto,2023-02-25
38,14,Leche Entera 1L,3,"1,723","5,169",Leche Entera 1L,Limpieza,1723,2024-05-29,56,Bruno Diaz,bruno.diaz@mail.com,tarjeta,Bruno Diaz,bruno.diaz@mail.com,Rio Cuarto,2023-02-25
38,65,Cerveza Rubia 1L,5,"2,423","12,115",Cerveza Rubia 1L,Alimentos,2423,2024-05-29,56,Bruno Diaz,bruno.diaz@mail.com,tarjeta,Bruno Diaz,bruno.diaz@mail.com,Rio Cuarto,2023-02-25
38,5,Agua Mineral 500ml,3,"4,777","14,331",Agua Mineral 500ml,Alimentos,4777,2024-05-29,56,Bruno Diaz,bruno.diaz@mail.com,tarjeta,Bruno Diaz,bruno.diaz@mail.com,Rio Cuarto,2023-02-25
39,44,Arroz Largo Fino 1kg,4,"2,979","11,916",Arroz Largo Fino 1kg,Limpieza,2979,2024-03-05,5,Agustina Flores,agustina.flores@mail.com,efectivo,Agustina Flores,agustina.flores@mail.com,Cordoba,2023-01-05
39,22,Medialunas de Manteca,2,"2,069","4,138",Medialunas de Manteca,Limpieza,2069,2024-03-05,5,Agustina Flores,agustina.flores@mail.com,efectivo,Agustina Flores,agustina.flores@mail.com,Cordoba,2023-01-05
39,58,Caramelos Masticables,4,"4,752","19,008",Caramelos Masticables,Limpieza,4752,2024-03-05,5,Agustina Flores,agustina.flores@mail.com,efectivo,Agustina Flores,agustina.flores@mail.com,Cordoba,2023-01-05
39,81,Aceitunas Verdes 200g,4,"2,520","10,080",Aceitunas Verdes 200g,Alimentos,2520,2024-03-05,5,Agustina Flores,agustina.flores@mail.com,efectivo,Agustina Flores,agustina.flores@mail.com,Cordoba,2023-01-05
40,44,Arroz Largo Fino 1kg,2,"2,979","5,958",Arroz Largo Fino 1kg,Limpieza,2979,2024-05-13,15,Tomas Ruiz,tomas.ruiz@mail.com,efectivo,Tomas Ruiz,tomas.ruiz@mail.com,Cordoba,2023-01-15
41,51,Sal Fina 500g,1,"1,745","1,745",Sal Fina 500g,Alimentos,1745,2024-03-08,29,Diego Fernandez,diego.fernandez@mail.com,tarjeta,Diego Fernandez,diego.fernandez@mail.com,Alta Gracia,2023-01-29
41,15,Leche Descremada 1L,1,"2,538","2,538",Leche Descremada 1L,Alimentos,2538,2024-03-08,29,Diego Fernandez,diego.fernandez@mail.com,tarjeta,Diego Fernandez,diego.fernandez@mail.com,Alta Gracia,2023-01-29
42,47,Garbanzos 500g,3,"2,939","8,817",Garbanzos 500g,Alimentos,2939,2024-04-18,12,Gael Gomez,gael.gomez@mail.com,tarjeta,Gael Gomez,gael.gomez@mail.com,Alta Gracia,2023-01-12
42,29,Papas Fritas Onduladas 100g,1,"1,868","1,868",Papas Fritas Onduladas 100g,Alimentos,1868,2024-04-18,12,Gael Gomez,gael.gomez@mail.com,tarjeta,Gael Gomez,gael.gomez@mail.com,Alta Gracia,2023-01-12
42,73,Gin 700ml,3,"1,561","4,683",Gin 700ml,Alimentos,1561,2024-04-18,12,Gael Gomez,gael.gomez@mail.com,tarjeta,Gael Gomez,gael.gomez@mail.com,Alta Gracia,2023-01-12
43,1,Coca Cola 1.5L,5,"2,347","11,735",Coca Cola 1.5L,Alimentos,2347,2024-02-18,23,Helena Fernandez,helena.fernandez@mail.com,efectivo,Helena Fernandez,helena.fernandez@mail.com,Rio Cuarto,2023-01-23
43,49,Harina de Trigo 1kg,2,"2,512","5,024",Harina de Trigo 1kg,Alimentos,2512,2024-02-18,23,Helena Fernandez,helena.fernandez@mail.com,efectivo,Helena Fernandez,helena.fernandez@mail.com,Rio Cuarto,2023-01-23
43,66,Cerveza Negra 1L,2,"1,533","3,066",Cerveza Negra 1L,Limpieza,1533,2024-02-18,23,Helena Fernandez,helena.fernandez@mail.com,efectivo,Helena Fernandez,helena.fernandez@mail.com,Rio Cuarto,2023-01-23
44,48,Porotos Negros 500g,1,"4,462","4,462",Porotos Negros 500g,Limpieza,4462,2024-02-21,21,Elena Rodriguez,elena.rodriguez@mail.com,efectivo,Elena Rodriguez,elena.rodriguez@mail.com,Alta Gracia,2023-01-21
44,47,Garbanzos 500g,2,"2,939","5,878",Garbanzos 500g,Alimentos,2939,2024-02-21,21,Elena Rodriguez,elena.rodriguez@mail.com,efectivo,Elena Rodriguez,elena.rodriguez@mail.com,Alta Gracia,2023-01-21
44,100,Trapo de Piso,2,"4,854","9,708",Trapo de Piso,Limpieza,4854,2024-02-21,21,Elena Rodriguez,elena.rodriguez@mail.com,efectivo,Elena Rodriguez,elena.rodriguez@mail.com,Alta Gracia,2023-01-21
45,12,Té Negro 20 saquitos,2,570,"1,140",Té Negro 20 saquitos,Limpieza,570,2024-01-19,15,Tomas Ruiz,tomas.ruiz@mail.com,efectivo,Tomas Ruiz,tomas.ruiz@mail.com,Cordoba,2023-01-15
45,18,Queso Rallado 150g,2,"3,444","6,888",Queso Rallado 150g,Limpieza,3444,2024-01-19,15,Tomas Ruiz,tomas.ruiz@mail.com,efectivo,Tomas Ruiz,tomas.ruiz@mail.com,Cordoba,2023-01-15
45,87,Sopa Instantánea Pollo,4,"1,679","6,716",Sopa Instantánea Pollo,Alimentos,1679,2024-01-19,15,Tomas Ruiz,tomas.ruiz@mail.com,efectivo,Tomas Ruiz,tomas.ruiz@mail.com,Cordoba,2023-01-15
45,98,Desengrasante 500ml,1,"2,843","2,843",Desengrasante 500ml,Limpieza,2843,2024-01-19,15,Tomas Ruiz,tomas.ruiz@mail.com,efectivo,Tomas Ruiz,tomas.ruiz@mail.com,Cordoba,2023-01-15
45,52,Detergente Líquido 750ml,2,"2,582","5,164",Detergente Líquido 750ml,Limpieza,2582,2024-01-19,15,Tomas Ruiz,tomas.ruiz@mail.com,efectivo,Tomas Ruiz,tomas.ruiz@mail.com,Cordoba,2023-01-15
46,21,Pan Lactal Integral,1,272,272,Pan Lactal Integral,Alimentos,272,2024-03-25,46,Agustina Martinez,agustina.martinez@mail.com,tarjeta,Agustina Martinez,agustina.martinez@mail.com,Alta Gracia,2023-02-15
47,43,Salsa de Tomate 500g,5,887,"4,435",Salsa de Tomate 500g,Alimentos,887,2024-05-04,52,Diego Diaz,diego.diaz@mail.com,transferencia,Diego Diaz,diego.diaz@mail.com,Rio Cuarto,2023-02-21
47,6,Jugo de Naranja 1L,3,"4,170","12,510",Jugo de Naranja 1L,Limpieza,4170,2024-05-04,52,Diego Diaz,diego.diaz@mail.com,transferencia,Diego Diaz,diego.diaz@mail.com,Rio Cuarto,2023-02-21
48,70,Fernet 750ml,1,"4,061","4,061",Fernet 750ml,Limpieza,4061,2024-01-26,84,Pablo Sanchez,pablo.sanchez@mail.com,qr,Pablo Sanchez,pablo.sanchez@mail.com,Cordoba,2023-03-25
48,54,Jabón de Tocador,5,"1,592","7,960",Jabón de Tocador,Limpieza,1592,2024-01-26,84,Pablo Sanchez,pablo.sanchez@mail.com,qr,Pablo Sanchez,pablo.sanchez@mail.com,Cordoba,2023-03-25
48,57,Servilletas x100,4,"4,520","18,080",Servilletas x100,Alimentos,4520,2024-01-26,84,Pablo Sanchez,pablo.sanchez@mail.com,qr,Pablo Sanchez,pablo.sanchez@mail.com,Cordoba,2023-03-25
49,59,Chicle Menta,2,"3,612","7,224",Chicle Menta,Alimentos,3612,2024-06-02,5,Agustina Flores,agustina.flores@mail.com,efectivo,Agustina Flores,agustina.flores@mail.com,Cordoba,2023-01-05
49,21,Pan Lactal Integral,4,272,"1,088",Pan Lactal Integral,Alimentos,272,2024-06-02,5,Agustina Flores,agustina.flores@mail.com,efectivo,Agustina Flores,agustina.flores@mail.com,Cordoba,2023-01-05
49,59,Chicle Menta,4,"3,612","14,448",Chicle Menta,Alimentos,3612,2024-06-02,5,Agustina Flores,agustina.flores@mail.com,efectivo,Agustina Flores,agustina.flores@mail.com,Cordoba,2023-01-05
49,18,Queso Rallado 150g,3,"3,444","10,332",Queso Rallado 150g,Limpieza,3444,2024-06-02,5,Agustina Flores,agustina.flores@mail.com,efectivo,Agustina Flores,agustina.flores@mail.com,Cordoba,2023-01-05
49,85,Jugo en Polvo Naranja,3,"1,856","5,568",Jugo en Polvo Naranja,Alimentos,1856,2024-06-02,5,Agustina Flores,agustina.flores@mail.com,efectivo,Agustina Flores,agustina.flores@mail.com,Cordoba,2023-01-05
50,10,Yerba Mate Intensa 1kg,2,"4,883","9,766",Yerba Mate Intensa 1kg,Limpieza,4883,2024-01-09,8,Bruno Castro,bruno.castro@mail.com,transferencia,Bruno Castro,bruno.castro@mail.com,Carlos Paz,2023-01-08
50,34,Turrón 50g,5,503,"2,515",Turrón 50g,Limpieza,503,2024-01-09,8,Bruno Castro,bruno.castro@mail.com,transferencia,Bruno Castro,bruno.castro@mail.com,Carlos Paz,2023-01-08
50,58,Caramelos Masticables,5,"4,752","23,760",Caramelos Masticables,Limpieza,4752,2024-01-09,8,Bruno Castro,bruno.castro@mail.com,transferencia,Bruno Castro,bruno.castro@mail.com,Carlos Paz,2023-01-08
50,32,Chocolate Amargo 100g,3,"2,234","6,702",Chocolate Amargo 100g,Limpieza,2234,2024-01-09,8,Bruno Castro,bruno.castro@mail.com,transferencia,Bruno Castro,bruno.castro@mail.com,Carlos Paz,2023-01-08
50,91,Desodorante Aerosol,4,"4,690","18,760",Desodorante Aerosol,Alimentos,4690,2024-01-09,8,Bruno Castro,bruno.castro@mail.com,transferencia,Bruno Castro,bruno.castro@mail.com,Carlos Paz,2023-01-08
51,31,Mix de Frutos Secos 200g,1,"3,409","3,409",Mix de Frutos Secos 200g,Alimentos,3409,2024-02-18,39,Santiago Diaz,santiago.diaz@mail.com,efectivo,Santiago Diaz,santiago.diaz@mail.com,Alta Gracia,2023-02-08
52,83,Queso Untable 190g,2,"1,830","3,660",Queso Untable 190g,Alimentos,1830,2024-05-10,5,Agustina Flores,agustina.flores@mail.com,tarjeta,Agustina Flores,agustina.flores@mail.com,Cordoba,2023-01-05
52,9,Yerba Mate Suave 1kg,4,"3,878","15,512",Yerba Mate Suave 1kg,Alimentos,3878,2024-05-10,5,Agustina Flores,agustina.flores@mail.com,tarjeta,Agustina Flores,agustina.flores@mail.com,Cordoba,2023-01-05
52,81,Aceitunas Verdes 200g,5,"2,520","12,600",Aceitunas Verdes 200g,Alimentos,2520,2024-05-10,5,Agustina Flores,agustina.flores@mail.com,tarjeta,Agustina Flores,agustina.flores@mail.com,Cordoba,2023-01-05
52,38,Mermelada de Frutilla 400g,3,"1,584","4,752",Mermelada de Frutilla 400g,Limpieza,1584,2024-05-10,5,Agustina Flores,agustina.flores@mail.com,tarjeta,Agustina Flores,agustina.flores@mail.com,Cordoba,2023-01-05
53,28,Papas Fritas Clásicas 100g,1,936,936,Papas Fritas Clásicas 100g,Limpieza,936,2024-01-25,56,Bruno Diaz,bruno.diaz@mail.com,tarjeta,Bruno Diaz,bruno.diaz@mail.com,Rio Cuarto,2023-02-25
54,65,Cerveza Rubia 1L,1,"2,423","2,423",Cerveza Rubia 1L,Alimentos,2423,2024-03-26,1,Mariana Lopez,mariana.lopez@mail.com,tarjeta,Mariana Lopez,mariana.lopez@mail.com,Carlos Paz,2023-01-01
54,18,Queso Rallado 150g,2,"3,444","6,888",Queso Rallado 150g,Limpieza,3444,2024-03-26,1,Mariana Lopez,mariana.lopez@mail.com,tarjeta,Mariana Lopez,mariana.lopez@mail.com,Carlos Paz,2023-01-01
54,91,Desodorante Aerosol,3,"4,690","14,070",Desodorante Aerosol,Alimentos,4690,2024-03-26,1,Mariana Lopez,mariana.lopez@mail.com,tarjeta,Mariana Lopez,mariana.lopez@mail.com,Carlos Paz,2023-01-01
54,8,Energética Nitro 500ml,3,"4,218","12,654",Energética Nitro 500ml,Limpieza,4218,2024-03-26,1,Mariana Lopez,mariana.lopez@mail.com,tarjeta,Mariana Lopez,mariana.lopez@mail.com,Carlos Paz,2023-01-01
55,39,Helado Vainilla 1L,4,469,"1,876",Helado Vainilla 1L,Alimentos,469,2024-01-04,100,Agustina Lopez,agustina.lopez@mail.com,qr,Agustina Lopez,agustina.lopez@mail.com,Cordoba,2023-04-10
56,18,Queso Rallado 150g,5,"3,444","17,220",Queso Rallado 150g,Limpieza,3444,2024-06-14,15,Tomas Ruiz,tomas.ruiz@mail.com,qr,Tomas Ruiz,tomas.ruiz@mail.com,Cordoba,2023-01-15
57,31,Mix de Frutos Secos 200g,3,"3,409","10,227",Mix de Frutos Secos 200g,Alimentos,3409,2024-01-10,34,Bruno Castro,bruno.castro2@mail.com,efectivo,Bruno Castro,bruno.castro2@mail.com,Villa Maria,2023-02-03
57,41,Aceite de Girasol 1L,4,860,"3,440",Aceite de Girasol 1L,Alimentos,860,2024-01-10,34,Bruno Castro,bruno.castro2@mail.com,efectivo,Bruno Castro,bruno.castro2@mail.com,Villa Maria,2023-02-03
57,9,Yerba Mate Suave 1kg,5,"3,878","19,390",Yerba Mate Suave 1kg,Alimentos,3878,2024-01-10,34,Bruno Castro,bruno.castro2@mail.com,efectivo,Bruno Castro,bruno.castro2@mail.com,Villa Maria,2023-02-03
57,76,Pizza Congelada Muzzarella,3,"4,286","12,858",Pizza Congelada Muzzarella,Limpieza,4286,2024-01-10,34,Bruno Castro,bruno.castro2@mail.com,efectivo,Bruno Castro,bruno.castro2@mail.com,Villa Maria,2023-02-03
57,98,Desengrasante 500ml,4,"2,843","11,372",Desengrasante 500ml,Limpieza,2843,2024-01-10,34,Bruno Castro,bruno.castro2@mail.com,efectivo,Bruno Castro,bruno.castro2@mail.com,Villa Maria,2023-02-03
58,43,Salsa de Tomate 500g,2,887,"1,774",Salsa de Tomate 500g,Alimentos,887,2024-02-04,48,Rocio Alvarez,rocio.alvarez@mail.com,transferencia,Rocio Alvarez,rocio.alvarez@mail.com,Cordoba,2023-02-17
58,11,Café Molido 250g,1,"2,053","2,053",Café Molido 250g,Alimentos,2053,2024-02-04,48,Rocio Alvarez,rocio.alvarez@mail.com,transferencia,Rocio Alvarez,rocio.alvarez@mail.com,Cordoba,2023-02-17
59,31,Mix de Frutos Secos 200g,1,"3,409","3,409",Mix de Frutos Secos 200g,Alimentos,3409,2024-04-28,62,Guadalupe Romero,guadalupe.romero@mail.com,tarjeta,Guadalupe Romero,guadalupe.romero@mail.com,Carlos Paz,2023-03-03
59,8,Energética Nitro 500ml,2,"4,218","8,436",Energética Nitro 500ml,Limpieza,4218,2024-04-28,62,Guadalupe Romero,guadalupe.romero@mail.com,tarjeta,Guadalupe Romero,guadalupe.romero@mail.com,Carlos Paz,2023-03-03
59,97,Limpiavidrios 500ml,5,872,"4,360",Limpiavidrios 500ml,Alimentos,872,2024-04-28,62,Guadalupe Romero,guadalupe.romero@mail.com,tarjeta,Guadalupe Romero,guadalupe.romero@mail.com,Carlos Paz,2023-03-03
60,43,Salsa de Tomate 500g,1,887,887,Salsa de Tomate 500g,Alimentos,887,2024-04-04,81,Camila Ruiz,camila.ruiz@mail.com,transferencia,Camila Ruiz,camila.ruiz@mail.com,Carlos Paz,2023-03-22
60,98,Desengrasante 500ml,3,"2,843","8,529",Desengrasante 500ml,Limpieza,2843,2024-04-04,81,Camila Ruiz,camila.ruiz@mail.com,transferencia,Camila Ruiz,camila.ruiz@mail.com,Carlos Paz,2023-03-22
60,15,Leche Descremada 1L,1,"2,538","2,538",Leche Descremada 1L,Alimentos,2538,2024-04-04,81,Camila Ruiz,camila.ruiz@mail.com,transferencia,Camila Ruiz,camila.ruiz@mail.com,Carlos Paz,2023-03-22
60,21,Pan Lactal Integral,2,272,544,Pan Lactal Integral,Alimentos,272,2024-04-04,81,Camila Ruiz,camila.ruiz@mail.com,transferencia,Camila Ruiz,camila.ruiz@mail.com,Carlos Paz,2023-03-22
60,91,Desodorante Aerosol,4,"4,690","18,760",Desodorante Aerosol,Alimentos,4690,2024-04-04,81,Camila Ruiz,camila.ruiz@mail.com,transferencia,Camila Ruiz,camila.ruiz@mail.com,Carlos Paz,2023-03-22
61,9,Yerba Mate Suave 1kg,3,"3,878","11,634",Yerba Mate Suave 1kg,Alimentos,3878,2024-06-01,27,Tomas Castro,tomas.castro@mail.com,efectivo,Tomas Castro,tomas.castro@mail.com,Rio Cuarto,2023-01-27
61,19,Manteca 200g,3,"3,251","9,753",Manteca 200g,Alimentos,3251,2024-06-01,27,Tomas Castro,tomas.castro@mail.com,efectivo,Tomas Castro,tomas.castro@mail.com,Rio Cuarto,2023-01-27
62,47,Garbanzos 500g,4,"2,939","11,756",Garbanzos 500g,Alimentos,2939,2024-05-01,100,Agustina Lopez,agustina.lopez@mail.com,transferencia,Agustina Lopez,agustina.lopez@mail.com,Cordoba,2023-04-10
62,95,Mascarilla Capilar,3,"1,581","4,743",Mascarilla Capilar,Alimentos,1581,2024-05-01,100,Agustina Lopez,agustina.lopez@mail.com,transferencia,Agustina Lopez,agustina.lopez@mail.com,Cordoba,2023-04-10
63,8,Energética Nitro 500ml,5,"4,218","21,090",Energética Nitro 500ml,Limpieza,4218,2024-06-19,25,Karina Castro,karina.castro@mail.com,tarjeta,Karina Castro,karina.castro@mail.com,Rio Cuarto,2023-01-25
63,2,Pepsi 1.5L,2,"4,973","9,946",Pepsi 1.5L,Limpieza,4973,2024-06-19,25,Karina Castro,karina.castro@mail.com,tarjeta,Karina Castro,karina.castro@mail.com,Rio Cuarto,2023-01-25
63,70,Fernet 750ml,3,"4,061","12,183",Fernet 750ml,Limpieza,4061,2024-06-19,25,Karina Castro,karina.castro@mail.com,tarjeta,Karina Castro,karina.castro@mail.com,Rio Cuarto,2023-01-25
63,45,Fideos Spaghetti 500g,4,745,"2,980",Fideos Spaghetti 500g,Alimentos,745,2024-06-19,25,Karina Castro,karina.castro@mail.com,tarjeta,Karina Castro,karina.castro@mail.com,Rio Cuarto,2023-01-25
64,4,Fanta Naranja 1.5L,2,"2,033","4,066",Fanta Naranja 1.5L,Limpieza,2033,2024-03-07,58,Karina Acosta,karina.acosta2@mail.com,qr,Karina Acosta,karina.acosta2@mail.com,Rio Cuarto,2023-02-27
64,41,Aceite de Girasol 1L,2,860,"1,720",Aceite de Girasol 1L,Alimentos,860,2024-03-07,58,Karina Acosta,karina.acosta2@mail.com,qr,Karina Acosta,karina.acosta2@mail.com,Rio Cuarto,2023-02-27
65,77,Empanadas Congeladas,4,"4,778","19,112",Empanadas Congeladas,Alimentos,4778,2024-04-30,30,Ivana Medina,ivana.medina@mail.com,qr,Ivana Medina,ivana.medina@mail.com,Alta Gracia,2023-01-30
65,22,Medialunas de Manteca,3,"2,069","6,207",Medialunas de Manteca,Limpieza,2069,2024-04-30,30,Ivana Medina,ivana.medina@mail.com,qr,Ivana Medina,ivana.medina@mail.com,Alta Gracia,2023-01-30
65,38,Mermelada de Frutilla 400g,5,"1,584","7,920",Mermelada de Frutilla 400g,Limpieza,1584,2024-04-30,30,Ivana Medina,ivana.medina@mail.com,qr,Ivana Medina,ivana.medina@mail.com,Alta Gracia,2023-01-30
65,36,Dulce de Leche 400g,4,"2,559","10,236",Dulce de Leche 400g,Limpieza,2559,2024-04-30,30,Ivana Medina,ivana.medina@mail.com,qr,Ivana Medina,ivana.medina@mail.com,Alta Gracia,2023-01-30
66,16,Yogur Natural 200g,3,"4,613","13,839",Yogur Natural 200g,Limpieza,4613,2024-03-14,69,Felipe Flores,felipe.flores@mail.com,qr,Felipe Flores,felipe.flores@mail.com,Rio Cuarto,2023-03-10
67,53,Lavandina 1L,1,"1,664","1,664",Lavandina 1L,Alimentos,1664,2024-03-21,66,Tomas Herrera,tomas.herrera@mail.com,efectivo,Tomas Herrera,tomas.herrera@mail.com,Villa Maria,2023-03-07
67,8,Energética Nitro 500ml,2,"4,218","8,436",Energética Nitro 500ml,Limpieza,4218,2024-03-21,66,Tomas Herrera,tomas.herrera@mail.com,efectivo,Tomas Herrera,tomas.herrera@mail.com,Villa Maria,2023-03-07
68,94,Hilo Dental,4,"1,418","5,672",Hilo Dental,Limpieza,1418,2024-06-28,27,Tomas Castro,tomas.castro@mail.com,qr,Tomas Castro,tomas.castro@mail.com,Rio Cuarto,2023-01-27
69,76,Pizza Congelada Muzzarella,4,"4,286","17,144",Pizza Congelada Muzzarella,Limpieza,4286,2024-01-06,42,Tomas Flores,tomas.flores@mail.com,qr,Tomas Flores,tomas.flores@mail.com,Alta Gracia,2023-02-11
69,74,Whisky 750ml,3,"2,953","8,859",Whisky 750ml,Limpieza,2953,2024-01-06,42,Tomas Flores,tomas.flores@mail.com,qr,Tomas Flores,tomas.flores@mail.com,Alta Gracia,2023-02-11
70,66,Cerveza Negra 1L,3,"1,533","4,599",Cerveza Negra 1L,Limpieza,1533,2024-02-02,41,Elena Rodriguez,elena.rodriguez2@mail.com,transferencia,Elena Rodriguez,elena.rodriguez2@mail.com,Alta Gracia,2023-02-10
70,89,Caldo Concentrado Verdura,4,"1,003","4,012",Caldo Concentrado Verdura,Alimentos,1003,2024-02-02,41,Elena Rodriguez,elena.rodriguez2@mail.com,transferencia,Elena Rodriguez,elena.rodriguez2@mail.com,Alta Gracia,2023-02-10
70,38,Mermelada de Frutilla 400g,3,"1,584","4,752",Mermelada de Frutilla 400g,Limpieza,1584,2024-02-02,41,Elena Rodriguez,elena.rodriguez2@mail.com,transferencia,Elena Rodriguez,elena.rodriguez2@mail.com,Alta Gracia,2023-02-10
71,11,Café Molido 250g,3,"2,053","6,159",Café Molido 250g,Alimentos,2053,2024-06-02,40,Felipe Diaz,felipe.diaz@mail.com,qr,Felipe Diaz,felipe.diaz@mail.com,Rio Cuarto,2023-02-09
71,79,Hamburguesas Congeladas x4,4,"2,420","9,680",Hamburguesas Congeladas x4,Alimentos,2420,2024-06-02,40,Felipe Diaz,felipe.diaz@mail.com,qr,Felipe Diaz,felipe.diaz@mail.com,Rio Cuarto,2023-02-09
71,100,Trapo de Piso,4,"4,854","19,416",Trapo de Piso,Limpieza,4854,2024-06-02,40,Felipe Diaz,felipe.diaz@mail.com,qr,Felipe Diaz,felipe.diaz@mail.com,Rio Cuarto,2023-02-09
71,92,Crema Dental 90g,1,"2,512","2,512",Crema Dental 90g,Limpieza,2512,2024-06-02,40,Felipe Diaz,felipe.diaz@mail.com,qr,Felipe Diaz,felipe.diaz@mail.com,Rio Cuarto,2023-02-09
72,94,Hilo Dental,3,"1,418","4,254",Hilo Dental,Limpieza,1418,2024-02-17,26,Camila Sanchez,camila.sanchez@mail.com,qr,Camila Sanchez,camila.sanchez@mail.com,Alta Gracia,2023-01-26
72,41,Aceite de Girasol 1L,4,860,"3,440",Aceite de Girasol 1L,Alimentos,860,2024-02-17,26,Camila Sanchez,camila.sanchez@mail.com,qr,Camila Sanchez,camila.sanchez@mail.com,Alta Gracia,2023-01-26
72,51,Sal Fina 500g,2,"1,745","3,490",Sal Fina 500g,Alimentos,1745,2024-02-17,26,Camila Sanchez,camila.sanchez@mail.com,qr,Camila Sanchez,camila.sanchez@mail.com,Alta Gracia,2023-01-26
73,28,Papas Fritas Clásicas 100g,1,936,936,Papas Fritas Clásicas 100g,Limpieza,936,2024-05-16,42,Tomas Flores,tomas.flores@mail.com,transferencia,Tomas Flores,tomas.flores@mail.com,Alta Gracia,2023-02-11
73,24,Galletitas Chocolate,3,"1,305","3,915",Galletitas Chocolate,Limpieza,1305,2024-05-16,42,Tomas Flores,tomas.flores@mail.com,transferencia,Tomas Flores,tomas.flores@mail.com,Alta Gracia,2023-02-11
73,19,Manteca 200g,1,"3,251","3,251",Manteca 200g,Alimentos,3251,2024-05-16,42,Tomas Flores,tomas.flores@mail.com,transferencia,Tomas Flores,tomas.flores@mail.com,Alta Gracia,2023-02-11
74,32,Chocolate Amargo 100g,3,"2,234","6,702",Chocolate Amargo 100g,Limpieza,2234,2024-04-26,56,Bruno Diaz,bruno.diaz@mail.com,efectivo,Bruno Diaz,bruno.diaz@mail.com,Rio Cuarto,2023-02-25
74,14,Leche Entera 1L,2,"1,723","3,446",Leche Entera 1L,Limpieza,1723,2024-04-26,56,Bruno Diaz,bruno.diaz@mail.com,efectivo,Bruno Diaz,bruno.diaz@mail.com,Rio Cuarto,2023-02-25
74,55,Shampoo 400ml,2,"1,407","2,814",Shampoo 400ml,Alimentos,1407,2024-04-26,56,Bruno Diaz,bruno.diaz@mail.com,efectivo,Bruno Diaz,bruno.diaz@mail.com,Rio Cuarto,2023-02-25
75,3,Sprite 1.5L,4,"4,964","19,856",Sprite 1.5L,Alimentos,4964,2024-05-23,61,Guadalupe Martinez,guadalupe.martinez@mail.com,qr,Guadalupe Martinez,guadalupe.martinez@mail.com,Rio Cuarto,2023-03-02
75,2,Pepsi 1.5L,5,"4,973","24,865",Pepsi 1.5L,Limpieza,4973,2024-05-23,61,Guadalupe Martinez,guadalupe.martinez@mail.com,qr,Guadalupe Martinez,guadalupe.martinez@mail.com,Rio Cuarto,2023-03-02
76,22,Medialunas de Manteca,4,"2,069","8,276",Medialunas de Manteca,Limpieza,2069,2024-05-15,75,Santiago Castro,santiago.castro@mail.com,tarjeta,Santiago Castro,santiago.castro@mail.com,Rio Cuarto,2023-03-16
76,23,Bizcochos Salados,4,"2,380","9,520",Bizcochos Salados,Alimentos,2380,2024-05-15,75,Santiago Castro,santiago.castro@mail.com,tarjeta,Santiago Castro,santiago.castro@mail.com,Rio Cuarto,2023-03-16
76,24,Galletitas Chocolate,1,"1,305","1,305",Galletitas Chocolate,Limpieza,1305,2024-05-15,75,Santiago Castro,santiago.castro@mail.com,tarjeta,Santiago Castro,santiago.castro@mail.com,Rio Cuarto,2023-03-16
76,11,Café Molido 250g,2,"2,053","4,106",Café Molido 250g,Alimentos,2053,2024-05-15,75,Santiago Castro,santiago.castro@mail.com,tarjeta,Santiago Castro,santiago.castro@mail.com,Rio Cuarto,2023-03-16
77,53,Lavandina 1L,2,"1,664","3,328",Lavandina 1L,Alimentos,1664,2024-05-26,55,Olivia Ruiz,olivia.ruiz@mail.com,tarjeta,Olivia Ruiz,olivia.ruiz@mail.com,Mendiolaza,2023-02-24
77,41,Aceite de Girasol 1L,1,860,860,Aceite de Girasol 1L,Alimentos,860,2024-05-26,55,Olivia Ruiz,olivia.ruiz@mail.com,tarjeta,Olivia Ruiz,olivia.ruiz@mail.com,Mendiolaza,2023-02-24
77,34,Turrón 50g,5,503,"2,515",Turrón 50g,Limpieza,503,2024-05-26,55,Olivia Ruiz,olivia.ruiz@mail.com,tarjeta,Olivia Ruiz,olivia.ruiz@mail.com,Mendiolaza,2023-02-24
77,98,Desengrasante 500ml,2,"2,843","5,686",Desengrasante 500ml,Limpieza,2843,2024-05-26,55,Olivia Ruiz,olivia.ruiz@mail.com,tarjeta,Olivia Ruiz,olivia.ruiz@mail.com,Mendiolaza,2023-02-24
77,39,Helado Vainilla 1L,2,469,938,Helado Vainilla 1L,Alimentos,469,2024-05-26,55,Olivia Ruiz,olivia.ruiz@mail.com,tarjeta,Olivia Ruiz,olivia.ruiz@mail.com,Mendiolaza,2023-02-24
78,37,Mermelada de Durazno 400g,3,"3,196","9,588",Mermelada de Durazno 400g,Alimentos,3196,2024-04-29,12,Gael Gomez,gael.gomez@mail.com,qr,Gael Gomez,gael.gomez@mail.com,Alta Gracia,2023-01-12
78,79,Hamburguesas Congeladas x4,5,"2,420","12,100",Hamburguesas Congeladas x4,Alimentos,2420,2024-04-29,12,Gael Gomez,gael.gomez@mail.com,qr,Gael Gomez,gael.gomez@mail.com,Alta Gracia,2023-01-12
78,17,Queso Cremoso 500g,2,"4,834","9,668",Queso Cremoso 500g,Alimentos,4834,2024-04-29,12,Gael Gomez,gael.gomez@mail.com,qr,Gael Gomez,gael.gomez@mail.com,Alta Gracia,2023-01-12
78,85,Jugo en Polvo Naranja,1,"1,856","1,856",Jugo en Polvo Naranja,Alimentos,1856,2024-04-29,12,Gael Gomez,gael.gomez@mail.com,qr,Gael Gomez,gael.gomez@mail.com,Alta Gracia,2023-01-12
78,39,Helado Vainilla 1L,2,469,938,Helado Vainilla 1L,Alimentos,469,2024-04-29,12,Gael Gomez,gael.gomez@mail.com,qr,Gael Gomez,gael.gomez@mail.com,Alta Gracia,2023-01-12
79,81,Aceitunas Verdes 200g,2,"2,520","5,040",Aceitunas Verdes 200g,Alimentos,2520,2024-06-06,57,Julian Acosta,julian.acosta@mail.com,qr,Julian Acosta,julian.acosta@mail.com,Rio Cuarto,2023-02-26
79,56,Papel Higiénico x4,2,"2,532","5,064",Papel Higiénico x4,Limpieza,2532,2024-06-06,57,Julian Acosta,julian.acosta@mail.com,qr,Julian Acosta,julian.acosta@mail.com,Rio Cuarto,2023-02-26
80,39,Helado Vainilla 1L,5,469,"2,345",Helado Vainilla 1L,Alimentos,469,2024-03-25,54,Uma Herrera,uma.herrera@mail.com,efectivo,Uma Herrera,uma.herrera@mail.com,Alta Gracia,2023-02-23
80,30,Maní Salado 200g,3,"4,875","14,625",Maní Salado 200g,Limpieza,4875,2024-03-25,54,Uma Herrera,uma.herrera@mail.com,efectivo,Uma Herrera,uma.herrera@mail.com,Alta Gracia,2023-02-23
80,41,Aceite de Girasol 1L,5,860,"4,300",Aceite de Girasol 1L,Alimentos,860,2024-03-25,54,Uma Herrera,uma.herrera@mail.com,efectivo,Uma Herrera,uma.herrera@mail.com,Alta Gracia,2023-02-23
81,10,Yerba Mate Intensa 1kg,2,"4,883","9,766",Yerba Mate Intensa 1kg,Limpieza,4883,2024-03-09,49,Olivia Gomez,olivia.gomez@mail.com,transferencia,Olivia Gomez,olivia.gomez@mail.com,Rio Cuarto,2023-02-18
82,38,Mermelada de Frutilla 400g,1,"1,584","1,584",Mermelada de Frutilla 400g,Limpieza,1584,2024-01-25,19,Uma Silva,uma.silva@mail.com,tarjeta,Uma Silva,uma.silva@mail.com,Mendiolaza,2023-01-19
82,28,Papas Fritas Clásicas 100g,2,936,"1,872",Papas Fritas Clásicas 100g,Limpieza,936,2024-01-25,19,Uma Silva,uma.silva@mail.com,tarjeta,Uma Silva,uma.silva@mail.com,Mendiolaza,2023-01-19
82,29,Papas Fritas Onduladas 100g,5,"1,868","9,340",Papas Fritas Onduladas 100g,Alimentos,1868,2024-01-25,19,Uma Silva,uma.silva@mail.com,tarjeta,Uma Silva,uma.silva@mail.com,Mendiolaza,2023-01-19
82,82,Aceitunas Negras 200g,2,"2,394","4,788",Aceitunas Negras 200g,Limpieza,2394,2024-01-25,19,Uma Silva,uma.silva@mail.com,tarjeta,Uma Silva,uma.silva@mail.com,Mendiolaza,2023-01-19
83,5,Agua Mineral 500ml,2,"4,777","9,554",Agua Mineral 500ml,Alimentos,4777,2024-05-28,91,Uma Sanchez,uma.sanchez@mail.com,efectivo,Uma Sanchez,uma.sanchez@mail.com,Mendiolaza,2023-04-01
83,26,Alfajor Triple,2,"1,001","2,002",Alfajor Triple,Limpieza,1001,2024-05-28,91,Uma Sanchez,uma.sanchez@mail.com,efectivo,Uma Sanchez,uma.sanchez@mail.com,Mendiolaza,2023-04-01
83,73,Gin 700ml,5,"1,561","7,805",Gin 700ml,Alimentos,1561,2024-05-28,91,Uma Sanchez,uma.sanchez@mail.com,efectivo,Uma Sanchez,uma.sanchez@mail.com,Mendiolaza,2023-04-01
83,51,Sal Fina 500g,2,"1,745","3,490",Sal Fina 500g,Alimentos,1745,2024-05-28,91,Uma Sanchez,uma.sanchez@mail.com,efectivo,Uma Sanchez,uma.sanchez@mail.com,Mendiolaza,2023-04-01
84,83,Queso Untable 190g,5,"1,830","9,150",Queso Untable 190g,Alimentos,1830,2024-01-02,72,Camila Rodriguez,camila.rodriguez@mail.com,efectivo,Camila Rodriguez,camila.rodriguez@mail.com,Cordoba,2023-03-13
84,76,Pizza Congelada Muzzarella,4,"4,286","17,144",Pizza Congelada Muzzarella,Limpieza,4286,2024-01-02,72,Camila Rodriguez,camila.rodriguez@mail.com,efectivo,Camila Rodriguez,camila.rodriguez@mail.com,Cordoba,2023-03-13
85,32,Chocolate Amargo 100g,4,"2,234","8,936",Chocolate Amargo 100g,Limpieza,2234,2024-01-23,42,Tomas Flores,tomas.flores@mail.com,transferencia,Tomas Flores,tomas.flores@mail.com,Alta Gracia,2023-02-11
85,80,Helado de Frutilla 1L,2,"1,981","3,962",Helado de Frutilla 1L,Limpieza,1981,2024-01-23,42,Tomas Flores,tomas.flores@mail.com,transferencia,Tomas Flores,tomas.flores@mail.com,Alta Gracia,2023-02-11
86,66,Cerveza Negra 1L,2,"1,533","3,066",Cerveza Negra 1L,Limpieza,1533,2024-01-10,40,Felipe Diaz,felipe.diaz@mail.com,efectivo,Felipe Diaz,felipe.diaz@mail.com,Rio Cuarto,2023-02-09
86,1,Coca Cola 1.5L,4,"2,347","9,388",Coca Cola 1.5L,Alimentos,2347,2024-01-10,40,Felipe Diaz,felipe.diaz@mail.com,efectivo,Felipe Diaz,felipe.diaz@mail.com,Rio Cuarto,2023-02-09
86,13,Té Verde 20 saquitos,5,"2,383","11,915",Té Verde 20 saquitos,Alimentos,2383,2024-01-10,40,Felipe Diaz,felipe.diaz@mail.com,efectivo,Felipe Diaz,felipe.diaz@mail.com,Rio Cuarto,2023-02-09
86,41,Aceite de Girasol 1L,3,860,"2,580",Aceite de Girasol 1L,Alimentos,860,2024-01-10,40,Felipe Diaz,felipe.diaz@mail.com,efectivo,Felipe Diaz,felipe.diaz@mail.com,Rio Cuarto,2023-02-09
87,53,Lavandina 1L,2,"1,664","3,328",Lavandina 1L,Alimentos,1664,2024-04-20,100,Agustina Lopez,agustina.lopez@mail.com,qr,Agustina Lopez,agustina.lopez@mail.com,Cordoba,2023-04-10
87,86,Jugo en Polvo Limón,2,"4,090","8,180",Jugo en Polvo Limón,Limpieza,4090,2024-04-20,100,Agustina Lopez,agustina.lopez@mail.com,qr,Agustina Lopez,agustina.lopez@mail.com,Cordoba,2023-04-10
88,7,Jugo de Manzana 1L,5,"3,269","16,345",Jugo de Manzana 1L,Alimentos,3269,2024-06-21,37,Martina Perez,martina.perez@mail.com,efectivo,Martina Perez,martina.perez@mail.com,Mendiolaza,2023-02-06
88,53,Lavandina 1L,5,"1,664","8,320",Lavandina 1L,Alimentos,1664,2024-06-21,37,Martina Perez,martina.perez@mail.com,efectivo,Martina Perez,martina.perez@mail.com,Mendiolaza,2023-02-06
88,8,Energética Nitro 500ml,4,"4,218","16,872",Energética Nitro 500ml,Limpieza,4218,2024-06-21,37,Martina Perez,martina.perez@mail.com,efectivo,Martina Perez,martina.perez@mail.com,Mendiolaza,2023-02-06
89,72,Ron 700ml,2,"3,876","7,752",Ron 700ml,Limpieza,3876,2024-01-18,17,Pablo Gomez,pablo.gomez@mail.com,tarjeta,Pablo Gomez,pablo.gomez@mail.com,Villa Maria,2023-01-17
90,79,Hamburguesas Congeladas x4,4,"2,420","9,680",Hamburguesas Congeladas x4,Alimentos,2420,2024-01-08,46,Agustina Martinez,agustina.martinez@mail.com,qr,Agustina Martinez,agustina.martinez@mail.com,Alta Gracia,2023-02-15
90,6,Jugo de Naranja 1L,2,"4,170","8,340",Jugo de Naranja 1L,Limpieza,4170,2024-01-08,46,Agustina Martinez,agustina.martinez@mail.com,qr,Agustina Martinez,agustina.martinez@mail.com,Alta Gracia,2023-02-15
91,57,Servilletas x100,3,"4,520","13,560",Servilletas x100,Alimentos,4520,2024-02-19,39,Santiago Diaz,santiago.diaz@mail.com,efectivo,Santiago Diaz,santiago.diaz@mail.com,Alta Gracia,2023-02-08
92,10,Yerba Mate Intensa 1kg,2,"4,883","9,766",Yerba Mate Intensa 1kg,Limpieza,4883,2024-02-09,42,Tomas Flores,tomas.flores@mail.com,transferencia,Tomas Flores,tomas.flores@mail.com,Alta Gracia,2023-02-11
92,43,Salsa de Tomate 500g,4,887,"3,548",Salsa de Tomate 500g,Alimentos,887,2024-02-09,42,Tomas Flores,tomas.flores@mail.com,transferencia,Tomas Flores,tomas.flores@mail.com,Alta Gracia,2023-02-11
93,80,Helado de Frutilla 1L,4,"1,981","7,924",Helado de Frutilla 1L,Limpieza,1981,2024-01-29,90,Guadalupe Ruiz,guadalupe.ruiz@mail.com,efectivo,Guadalupe Ruiz,guadalupe.ruiz@mail.com,Rio Cuarto,2023-03-31
93,66,Cerveza Negra 1L,3,"1,533","4,599",Cerveza Negra 1L,Limpieza,1533,2024-01-29,90,Guadalupe Ruiz,guadalupe.ruiz@mail.com,efectivo,Guadalupe Ruiz,guadalupe.ruiz@mail.com,Rio Cuarto,2023-03-31
93,91,Desodorante Aerosol,3,"4,690","14,070",Desodorante Aerosol,Alimentos,4690,2024-01-29,90,Guadalupe Ruiz,guadalupe.ruiz@mail.com,efectivo,Guadalupe Ruiz,guadalupe.ruiz@mail.com,Rio Cuarto,2023-03-31
94,24,Galletitas Chocolate,1,"1,305","1,305",Galletitas Chocolate,Limpieza,1305,2024-03-06,41,Elena Rodriguez,elena.rodriguez2@mail.com,qr,Elena Rodriguez,elena.rodriguez2@mail.com,Alta Gracia,2023-02-10
94,86,Jugo en Polvo Limón,5,"4,090","20,450",Jugo en Polvo Limón,Limpieza,4090,2024-03-06,41,Elena Rodriguez,elena.rodriguez2@mail.com,qr,Elena Rodriguez,elena.rodriguez2@mail.com,Alta Gracia,2023-02-10
94,98,Desengrasante 500ml,2,"2,843","5,686",Desengrasante 500ml,Limpieza,2843,2024-03-06,41,Elena Rodriguez,elena.rodriguez2@mail.com,qr,Elena Rodriguez,elena.rodriguez2@mail.com,Alta Gracia,2023-02-10
95,72,Ron 700ml,5,"3,876","19,380",Ron 700ml,Limpieza,3876,2024-02-25,26,Camila Sanchez,camila.sanchez@mail.com,qr,Camila Sanchez,camila.sanchez@mail.com,Alta Gracia,2023-01-26
95,12,Té Negro 20 saquitos,1,570,570,Té Negro 20 saquitos,Limpieza,570,2024-02-25,26,Camila Sanchez,camila.sanchez@mail.com,qr,Camila Sanchez,camila.sanchez@mail.com,Alta Gracia,2023-01-26
96,81,Aceitunas Verdes 200g,3,"2,520","7,560",Aceitunas Verdes 200g,Alimentos,2520,2024-02-23,83,Franco Gomez,franco.gomez@mail.com,tarjeta,Franco Gomez,franco.gomez@mail.com,Rio Cuarto,2023-03-24
96,68,Vino Blanco 750ml,1,"2,684","2,684",Vino Blanco 750ml,Limpieza,2684,2024-02-23,83,Franco Gomez,franco.gomez@mail.com,tarjeta,Franco Gomez,franco.gomez@mail.com,Rio Cuarto,2023-03-24
96,11,Café Molido 250g,2,"2,053","4,106",Café Molido 250g,Alimentos,2053,2024-02-23,83,Franco Gomez,franco.gomez@mail.com,tarjeta,Franco Gomez,franco.gomez@mail.com,Rio Cuarto,2023-03-24
96,50,Azúcar 1kg,3,727,"2,181",Azúcar 1kg,Limpieza,727,2024-02-23,83,Franco Gomez,franco.gomez@mail.com,tarjeta,Franco Gomez,franco.gomez@mail.com,Rio Cuarto,2023-03-24
97,59,Chicle Menta,5,"3,612","18,060",Chicle Menta,Alimentos,3612,2024-06-16,39,Santiago Diaz,santiago.diaz@mail.com,efectivo,Santiago Diaz,santiago.diaz@mail.com,Alta Gracia,2023-02-08
97,36,Dulce de Leche 400g,1,"2,559","2,559",Dulce de Leche 400g,Limpieza,2559,2024-06-16,39,Santiago Diaz,santiago.diaz@mail.com,efectivo,Santiago Diaz,santiago.diaz@mail.com,Alta Gracia,2023-02-08
97,4,Fanta Naranja 1.5L,3,"2,033","6,099",Fanta Naranja 1.5L,Limpieza,2033,2024-06-16,39,Santiago Diaz,santiago.diaz@mail.com,efectivo,Santiago Diaz,santiago.diaz@mail.com,Alta Gracia,2023-02-08
98,28,Papas Fritas Clásicas 100g,4,936,"3,744",Papas Fritas Clásicas 100g,Limpieza,936,2024-01-12,43,Lucas Perez,lucas.perez@mail.com,transferencia,Lucas Perez,lucas.perez@mail.com,Mendiolaza,2023-02-12
98,61,Miel Pura 250g,1,"4,982","4,982",Miel Pura 250g,Alimentos,4982,2024-01-12,43,Lucas Perez,lucas.perez@mail.com,transferencia,Lucas Perez,lucas.perez@mail.com,Mendiolaza,2023-02-12
98,29,Papas Fritas Onduladas 100g,1,"1,868","1,868",Papas Fritas Onduladas 100g,Alimentos,1868,2024-01-12,43,Lucas Perez,lucas.perez@mail.com,transferencia,Lucas Perez,lucas.perez@mail.com,Mendiolaza,2023-02-12
98,83,Queso Untable 190g,3,"1,830","5,490",Queso Untable 190g,Alimentos,1830,2024-01-12,43,Lucas Perez,lucas.perez@mail.com,transferencia,Lucas Perez,lucas.perez@mail.com,Mendiolaza,2023-02-12
99,40,Helado Chocolate 1L,5,"1,215","6,075",Helado Chocolate 1L,Limpieza,1215,2024-03-13,51,Agustina Gomez,agustina.gomez@mail.com,transferencia,Agustina Gomez,agustina.gomez@mail.com,Rio Cuarto,2023-02-20
100,13,Té Verde 20 saquitos,3,"2,383","7,149",Té Verde 20 saquitos,Alimentos,2383,2024-06-08,69,Felipe Flores,felipe.flores@mail.com,qr,Felipe Flores,felipe.flores@mail.com,Rio Cuarto,2023-03-10
100,18,Queso Rallado 150g,4,"3,444","13,776",Queso Rallado 150g,Limpieza,3444,2024-06-08,69,Felipe Flores,felipe.flores@mail.com,qr,Felipe Flores,felipe.flores@mail.com,Rio Cuarto,2023-03-10
100,58,Caramelos Masticables,2,"4,752","9,504",Caramelos Masticables,Limpieza,4752,2024-06-08,69,Felipe Flores,felipe.flores@mail.com,qr,Felipe Flores,felipe.flores@mail.com,Rio Cuarto,2023-03-10
100,57,Servilletas x100,1,"4,520","4,520",Servilletas x100,Alimentos,4520,2024-06-08,69,Felipe Flores,felipe.flores@mail.com,qr,Felipe Flores,felipe.flores@mail.com,Rio Cuarto,2023-03-10
100,9,Yerba Mate Suave 1kg,4,"3,878","15,512",Yerba Mate Suave 1kg,Alimentos,3878,2024-06-08,69,Felipe Flores,felipe.flores@mail.com,qr,Felipe Flores,felipe.flores@mail.com,Rio Cuarto,2023-03-10
101,34,Turrón 50g,4,503,"2,012",Turrón 50g,Limpieza,503,2024-03-28,72,Camila Rodriguez,camila.rodriguez@mail.com,efectivo,Camila Rodriguez,camila.rodriguez@mail.com,Cordoba,2023-03-13
102,78,Verduras Congeladas Mix,3,"4,289","12,867",Verduras Congeladas Mix,Limpieza,4289,2024-03-29,18,Ivana Torres,ivana.torres@mail.com,efectivo,Ivana Torres,ivana.torres@mail.com,Carlos Paz,2023-01-18
102,36,Dulce de Leche 400g,3,"2,559","7,677",Dulce de Leche 400g,Limpieza,2559,2024-03-29,18,Ivana Torres,ivana.torres@mail.com,efectivo,Ivana Torres,ivana.torres@mail.com,Carlos Paz,2023-01-18
103,79,Hamburguesas Congeladas x4,5,"2,420","12,100",Hamburguesas Congeladas x4,Alimentos,2420,2024-03-11,39,Santiago Diaz,santiago.diaz@mail.com,efectivo,Santiago Diaz,santiago.diaz@mail.com,Alta Gracia,2023-02-08
103,43,Salsa de Tomate 500g,5,887,"4,435",Salsa de Tomate 500g,Alimentos,887,2024-03-11,39,Santiago Diaz,santiago.diaz@mail.com,efectivo,Santiago Diaz,santiago.diaz@mail.com,Alta Gracia,2023-02-08
103,34,Turrón 50g,1,503,503,Turrón 50g,Limpieza,503,2024-03-11,39,Santiago Diaz,santiago.diaz@mail.com,efectivo,Santiago Diaz,santiago.diaz@mail.com,Alta Gracia,2023-02-08
103,70,Fernet 750ml,1,"4,061","4,061",Fernet 750ml,Limpieza,4061,2024-03-11,39,Santiago Diaz,santiago.diaz@mail.com,efectivo,Santiago Diaz,santiago.diaz@mail.com,Alta Gracia,2023-02-08
104,95,Mascarilla Capilar,2,"1,581","3,162",Mascarilla Capilar,Alimentos,1581,2024-06-17,86,Diego Torres,diego.torres@mail.com,qr,Diego Torres,diego.torres@mail.com,Cordoba,2023-03-27
104,68,Vino Blanco 750ml,3,"2,684","8,052",Vino Blanco 750ml,Limpieza,2684,2024-06-17,86,Diego Torres,diego.torres@mail.com,qr,Diego Torres,diego.torres@mail.com,Cordoba,2023-03-27
104,68,Vino Blanco 750ml,5,"2,684","13,420",Vino Blanco 750ml,Limpieza,2684,2024-06-17,86,Diego Torres,diego.torres@mail.com,qr,Diego Torres,diego.torres@mail.com,Cordoba,2023-03-27
105,13,Té Verde 20 saquitos,2,"2,383","4,766",Té Verde 20 saquitos,Alimentos,2383,2024-02-06,1,Mariana Lopez,mariana.lopez@mail.com,transferencia,Mariana Lopez,mariana.lopez@mail.com,Carlos Paz,2023-01-01
105,4,Fanta Naranja 1.5L,4,"2,033","8,132",Fanta Naranja 1.5L,Limpieza,2033,2024-02-06,1,Mariana Lopez,mariana.lopez@mail.com,transferencia,Mariana Lopez,mariana.lopez@mail.com,Carlos Paz,2023-01-01
105,58,Caramelos Masticables,2,"4,752","9,504",Caramelos Masticables,Limpieza,4752,2024-02-06,1,Mariana Lopez,mariana.lopez@mail.com,transferencia,Mariana Lopez,mariana.lopez@mail.com,Carlos Paz,2023-01-01
105,82,Aceitunas Negras 200g,4,"2,394","9,576",Aceitunas Negras 200g,Limpieza,2394,2024-02-06,1,Mariana Lopez,mariana.lopez@mail.com,transferencia,Mariana Lopez,mariana.lopez@mail.com,Carlos Paz,2023-01-01
105,43,Salsa de Tomate 500g,5,887,"4,435",Salsa de Tomate 500g,Alimentos,887,2024-02-06,1,Mariana Lopez,mariana.lopez@mail.com,transferencia,Mariana Lopez,mariana.lopez@mail.com,Carlos Paz,2023-01-01
106,88,Caldo Concentrado Carne,3,"2,570","7,710",Caldo Concentrado Carne,Limpieza,2570,2024-03-24,82,Lucas Lopez,lucas.lopez@mail.com,transferencia,Lucas Lopez,lucas.lopez@mail.com,Alta Gracia,2023-03-23
107,7,Jugo de Manzana 1L,4,"3,269","13,076",Jugo de Manzana 1L,Alimentos,3269,2024-05-21,14,Gael Martinez,gael.martinez@mail.com,efectivo,Gael Martinez,gael.martinez@mail.com,Carlos Paz,2023-01-14
107,11,Café Molido 250g,2,"2,053","4,106",Café Molido 250g,Alimentos,2053,2024-05-21,14,Gael Martinez,gael.martinez@mail.com,efectivo,Gael Martinez,gael.martinez@mail.com,Carlos Paz,2023-01-14
107,12,Té Negro 20 saquitos,4,570,"2,280",Té Negro 20 saquitos,Limpieza,570,2024-05-21,14,Gael Martinez,gael.martinez@mail.com,efectivo,Gael Martinez,gael.martinez@mail.com,Carlos Paz,2023-01-14
107,5,Agua Mineral 500ml,4,"4,777","19,108",Agua Mineral 500ml,Alimentos,4777,2024-05-21,14,Gael Martinez,gael.martinez@mail.com,efectivo,Gael Martinez,gael.martinez@mail.com,Carlos Paz,2023-01-14
108,90,Toallas Húmedas x50,4,"2,902","11,608",Toallas Húmedas x50,Limpieza,2902,2024-03-25,9,Yamila Molina,yamila.molina@mail.com,tarjeta,Yamila Molina,yamila.molina@mail.com,Carlos Paz,2023-01-09
109,18,Queso Rallado 150g,1,"3,444","3,444",Queso Rallado 150g,Limpieza,3444,2024-06-04,64,Julian Alvarez,julian.alvarez@mail.com,transferencia,Julian Alvarez,julian.alvarez@mail.com,Villa Maria,2023-03-05
109,74,Whisky 750ml,1,"2,953","2,953",Whisky 750ml,Limpieza,2953,2024-06-04,64,Julian Alvarez,julian.alvarez@mail.com,transferencia,Julian Alvarez,julian.alvarez@mail.com,Villa Maria,2023-03-05
109,20,Pan Lactal Blanco,2,"1,571","3,142",Pan Lactal Blanco,Limpieza,1571,2024-06-04,64,Julian Alvarez,julian.alvarez@mail.com,transferencia,Julian Alvarez,julian.alvarez@mail.com,Villa Maria,2023-03-05
109,44,Arroz Largo Fino 1kg,5,"2,979","14,895",Arroz Largo Fino 1kg,Limpieza,2979,2024-06-04,64,Julian Alvarez,julian.alvarez@mail.com,transferencia,Julian Alvarez,julian.alvarez@mail.com,Villa Maria,2023-03-05
110,6,Jugo de Naranja 1L,1,"4,170","4,170",Jugo de Naranja 1L,Limpieza,4170,2024-05-19,92,Mariana Rodriguez,mariana.rodriguez@mail.com,efectivo,Mariana Rodriguez,mariana.rodriguez@mail.com,Alta Gracia,2023-04-02
110,59,Chicle Menta,3,"3,612","10,836",Chicle Menta,Alimentos,3612,2024-05-19,92,Mariana Rodriguez,mariana.rodriguez@mail.com,efectivo,Mariana Rodriguez,mariana.rodriguez@mail.com,Alta Gracia,2023-04-02
110,6,Jugo de Naranja 1L,5,"4,170","20,850",Jugo de Naranja 1L,Limpieza,4170,2024-05-19,92,Mariana Rodriguez,mariana.rodriguez@mail.com,efectivo,Mariana Rodriguez,mariana.rodriguez@mail.com,Alta Gracia,2023-04-02
111,97,Limpiavidrios 500ml,4,872,"3,488",Limpiavidrios 500ml,Alimentos,872,2024-02-12,48,Rocio Alvarez,rocio.alvarez@mail.com,efectivo,Rocio Alvarez,rocio.alvarez@mail.com,Cordoba,2023-02-17
111,93,Cepillo de Dientes,3,"2,142","6,426",Cepillo de Dientes,Alimentos,2142,2024-02-12,48,Rocio Alvarez,rocio.alvarez@mail.com,efectivo,Rocio Alvarez,rocio.alvarez@mail.com,Cordoba,2023-02-17
111,20,Pan Lactal Blanco,2,"1,571","3,142",Pan Lactal Blanco,Limpieza,1571,2024-02-12,48,Rocio Alvarez,rocio.alvarez@mail.com,efectivo,Rocio Alvarez,rocio.alvarez@mail.com,Cordoba,2023-02-17
111,23,Bizcochos Salados,4,"2,380","9,520",Bizcochos Salados,Alimentos,2380,2024-02-12,48,Rocio Alvarez,rocio.alvarez@mail.com,efectivo,Rocio Alvarez,rocio.alvarez@mail.com,Cordoba,2023-02-17
112,55,Shampoo 400ml,1,"1,407","1,407",Shampoo 400ml,Alimentos,1407,2024-01-19,28,Rocio Silva,rocio.silva@mail.com,tarjeta,Rocio Silva,rocio.silva@mail.com,Cordoba,2023-01-28
112,21,Pan Lactal Integral,4,272,"1,088",Pan Lactal Integral,Alimentos,272,2024-01-19,28,Rocio Silva,rocio.silva@mail.com,tarjeta,Rocio Silva,rocio.silva@mail.com,Cordoba,2023-01-28
112,43,Salsa de Tomate 500g,5,887,"4,435",Salsa de Tomate 500g,Alimentos,887,2024-01-19,28,Rocio Silva,rocio.silva@mail.com,tarjeta,Rocio Silva,rocio.silva@mail.com,Cordoba,2023-01-28
112,13,Té Verde 20 saquitos,2,"2,383","4,766",Té Verde 20 saquitos,Alimentos,2383,2024-01-19,28,Rocio Silva,rocio.silva@mail.com,tarjeta,Rocio Silva,rocio.silva@mail.com,Cordoba,2023-01-28
112,59,Chicle Menta,1,"3,612","3,612",Chicle Menta,Alimentos,3612,2024-01-19,28,Rocio Silva,rocio.silva@mail.com,tarjeta,Rocio Silva,rocio.silva@mail.com,Cordoba,2023-01-28
113,53,Lavandina 1L,2,"1,664","3,328",Lavandina 1L,Alimentos,1664,2024-03-08,98,Camila Castro,camila.castro@mail.com,transferencia,Camila Castro,camila.castro@mail.com,Cordoba,2023-04-08
113,92,Crema Dental 90g,3,"2,512","7,536",Crema Dental 90g,Limpieza,2512,2024-03-08,98,Camila Castro,camila.castro@mail.com,transferencia,Camila Castro,camila.castro@mail.com,Cordoba,2023-04-08
114,8,Energética Nitro 500ml,1,"4,218","4,218",Energética Nitro 500ml,Limpieza,4218,2024-05-05,16,Felipe Alvarez,felipe.alvarez@mail.com,qr,Felipe Alvarez,felipe.alvarez@mail.com,Rio Cuarto,2023-01-16
114,84,Queso Azul 150g,1,"1,645","1,645",Queso Azul 150g,Limpieza,1645,2024-05-05,16,Felipe Alvarez,felipe.alvarez@mail.com,qr,Felipe Alvarez,felipe.alvarez@mail.com,Rio Cuarto,2023-01-16
114,10,Yerba Mate Intensa 1kg,1,"4,883","4,883",Yerba Mate Intensa 1kg,Limpieza,4883,2024-05-05,16,Felipe Alvarez,felipe.alvarez@mail.com,qr,Felipe Alvarez,felipe.alvarez@mail.com,Rio Cuarto,2023-01-16
114,55,Shampoo 400ml,5,"1,407","7,035",Shampoo 400ml,Alimentos,1407,2024-05-05,16,Felipe Alvarez,felipe.alvarez@mail.com,qr,Felipe Alvarez,felipe.alvarez@mail.com,Rio Cuarto,2023-01-16
114,92,Crema Dental 90g,4,"2,512","10,048",Crema Dental 90g,Limpieza,2512,2024-05-05,16,Felipe Alvarez,felipe.alvarez@mail.com,qr,Felipe Alvarez,felipe.alvarez@mail.com,Rio Cuarto,2023-01-16
115,17,Queso Cremoso 500g,4,"4,834","19,336",Queso Cremoso 500g,Alimentos,4834,2024-02-16,3,Hernan Martinez,hernan.martinez@mail.com,transferencia,Hernan Martinez,hernan.martinez@mail.com,Rio Cuarto,2023-01-03
115,97,Limpiavidrios 500ml,5,872,"4,360",Limpiavidrios 500ml,Alimentos,872,2024-02-16,3,Hernan Martinez,hernan.martinez@mail.com,transferencia,Hernan Martinez,hernan.martinez@mail.com,Rio Cuarto,2023-01-03
115,95,Mascarilla Capilar,4,"1,581","6,324",Mascarilla Capilar,Alimentos,1581,2024-02-16,3,Hernan Martinez,hernan.martinez@mail.com,transferencia,Hernan Martinez,hernan.martinez@mail.com,Rio Cuarto,2023-01-03
115,84,Queso Azul 150g,2,"1,645","3,290",Queso Azul 150g,Limpieza,1645,2024-02-16,3,Hernan Martinez,hernan.martinez@mail.com,transferencia,Hernan Martinez,hernan.martinez@mail.com,Rio Cuarto,2023-01-03
116,65,Cerveza Rubia 1L,1,"2,423","2,423",Cerveza Rubia 1L,Alimentos,2423,2024-03-18,25,Karina Castro,karina.castro@mail.com,qr,Karina Castro,karina.castro@mail.com,Rio Cuarto,2023-01-25
116,35,Barrita de Cereal 30g,2,"4,430","8,860",Barrita de Cereal 30g,Alimentos,4430,2024-03-18,25,Karina Castro,karina.castro@mail.com,qr,Karina Castro,karina.castro@mail.com,Rio Cuarto,2023-01-25
116,42,Vinagre de Alcohol 500ml,4,"1,195","4,780",Vinagre de Alcohol 500ml,Limpieza,1195,2024-03-18,25,Karina Castro,karina.castro@mail.com,qr,Karina Castro,karina.castro@mail.com,Rio Cuarto,2023-01-25
116,54,Jabón de Tocador,5,"1,592","7,960",Jabón de Tocador,Limpieza,1592,2024-03-18,25,Karina Castro,karina.castro@mail.com,qr,Karina Castro,karina.castro@mail.com,Rio Cuarto,2023-01-25
116,90,Toallas Húmedas x50,4,"2,902","11,608",Toallas Húmedas x50,Limpieza,2902,2024-03-18,25,Karina Castro,karina.castro@mail.com,qr,Karina Castro,karina.castro@mail.com,Rio Cuarto,2023-01-25
117,67,Vino Tinto Malbec 750ml,4,"4,719","18,876",Vino Tinto Malbec 750ml,Alimentos,4719,2024-03-14,72,Camila Rodriguez,camila.rodriguez@mail.com,tarjeta,Camila Rodriguez,camila.rodriguez@mail.com,Cordoba,2023-03-13
117,61,Miel Pura 250g,2,"4,982","9,964",Miel Pura 250g,Alimentos,4982,2024-03-14,72,Camila Rodriguez,camila.rodriguez@mail.com,tarjeta,Camila Rodriguez,camila.rodriguez@mail.com,Cordoba,2023-03-13
118,68,Vino Blanco 750ml,5,"2,684","13,420",Vino Blanco 750ml,Limpieza,2684,2024-02-09,84,Pablo Sanchez,pablo.sanchez@mail.com,efectivo,Pablo Sanchez,pablo.sanchez@mail.com,Cordoba,2023-03-25
118,68,Vino Blanco 750ml,3,"2,684","8,052",Vino Blanco 750ml,Limpieza,2684,2024-02-09,84,Pablo Sanchez,pablo.sanchez@mail.com,efectivo,Pablo Sanchez,pablo.sanchez@mail.com,Cordoba,2023-03-25
118,70,Fernet 750ml,2,"4,061","8,122",Fernet 750ml,Limpieza,4061,2024-02-09,84,Pablo Sanchez,pablo.sanchez@mail.com,efectivo,Pablo Sanchez,pablo.sanchez@mail.com,Cordoba,2023-03-25
118,93,Cepillo de Dientes,3,"2,142","6,426",Cepillo de Dientes,Alimentos,2142,2024-02-09,84,Pablo Sanchez,pablo.sanchez@mail.com,efectivo,Pablo Sanchez,pablo.sanchez@mail.com,Cordoba,2023-03-25
118,50,Azúcar 1kg,2,727,"1,454",Azúcar 1kg,Limpieza,727,2024-02-09,84,Pablo Sanchez,pablo.sanchez@mail.com,efectivo,Pablo Sanchez,pablo.sanchez@mail.com,Cordoba,2023-03-25
119,45,Fideos Spaghetti 500g,5,745,"3,725",Fideos Spaghetti 500g,Alimentos,745,2024-02-07,51,Agustina Gomez,agustina.gomez@mail.com,qr,Agustina Gomez,agustina.gomez@mail.com,Rio Cuarto,2023-02-20
120,20,Pan Lactal Blanco,5,"1,571","7,855",Pan Lactal Blanco,Limpieza,1571,2024-04-21,72,Camila Rodriguez,camila.rodriguez@mail.com,tarjeta,Camila Rodriguez,camila.rodriguez@mail.com,Cordoba,2023-03-13
